"Year","State","State ANSI","CORN_PRICE RECEIVED_$ / BU","CORN_ACRES PLANTED_ACRE","CORN_ACRES HARVESTED_ACRE","CORN_PRODUCTION_BU"
2022,"ALABAMA","01",7.15,3e+05,290000,34220000
2022,"ARIZONA","04",8.7,80000,40000,8800000
2022,"ARKANSAS","05",6.65,710000,695000,120235000
2022,"CALIFORNIA","06",8,370000,20000,3540000
2022,"COLORADO","08",7.5,1350000,980000,118580000
2022,"DELAWARE","10",6.75,170000,167000,28390000
2022,"FLORIDA","12",7.35,85000,56000,9184000
2022,"GEORGIA","13",6.9,425000,385000,67375000
2022,"IDAHO","16",7.2,320000,110000,23760000
2022,"ILLINOIS","17",6.5,10800000,10600000,2268400000
2022,"INDIANA","18",6.65,5250000,5130000,974700000
2022,"IOWA","19",6.8,12900000,12400000,2.48e+09
2022,"KANSAS","20",7.2,5500000,4440000,510600000
2022,"KENTUCKY","21",6.7,1440000,1350000,210600000
2022,"LOUISIANA","22",6.65,450000,435000,73950000
2022,"MARYLAND","24",6.75,440000,380000,62700000
2022,"MICHIGAN","26",6.3,2350000,2e+06,3.36e+08
2022,"MINNESOTA","27",6.32,8e+06,7490000,1460550000
2022,"MISSISSIPPI","28",6.9,580000,565000,93225000
2022,"MISSOURI","29",6.9,3350000,3120000,502320000
2022,"MONTANA","30",7.3,130000,69000,7728000
2022,"NEBRASKA","31",6.9,9600000,8820000,1455300000
2022,"NEW JERSEY","34",6.65,76000,67000,7705000
2022,"NEW MEXICO","35",6.8,1e+05,36000,5364000
2022,"NEW YORK","36",6.75,1030000,575000,80500000
2022,"NORTH CAROLINA","37",7.35,830000,785000,98910000
2022,"NORTH DAKOTA","38",6.25,2950000,2670000,349770000
2022,"OHIO","39",6.45,3400000,3180000,594660000
2022,"OKLAHOMA","40",7.55,350000,2e+05,24400000
2022,"OREGON","41",8.4,75000,45000,10665000
2022,"PENNSYLVANIA","42",7.2,1180000,840000,117600000
2022,"SOUTH CAROLINA","45",7.35,320000,3e+05,36600000
2022,"SOUTH DAKOTA","46",6.65,5750000,5010000,661320000
2022,"TENNESSEE","47",6.65,840000,795000,103350000
2022,"TEXAS","48",7.5,2150000,1610000,152950000
2022,"UTAH","49",6.8,70000,16000,2640000
2022,"VIRGINIA","51",7,450000,340000,56780000
2022,"WASHINGTON","53",6.55,130000,75000,16500000
2022,"WEST VIRGINIA","54",6.8,46000,35000,5880000
2022,"WISCONSIN","55",6.13,3950000,3030000,545400000
2022,"WYOMING","56",6.8,95000,56000,8568000
2021,"ALABAMA","01",5.91,350000,340000,55420000
2021,"ARIZONA","04",7.65,95000,18000,3258000
2021,"ARKANSAS","05",5.95,850000,830000,152720000
2021,"CALIFORNIA","06",7.3,4e+05,50000,9400000
2021,"COLORADO","08",6.08,1380000,1150000,148350000
2021,"DELAWARE","10",6.55,175000,172000,31648000
2021,"FLORIDA","12",6.02,95000,66000,11616000
2021,"GEORGIA","13",5.76,480000,445000,80990000
2021,"IDAHO","16",6.05,380000,120000,25200000
2021,"ILLINOIS","17",5.96,1.1e+07,10850000,2191700000
2021,"INDIANA","18",6.07,5400000,5270000,1027650000
2021,"IOWA","19",6.1,12900000,12450000,2539800000
2021,"KANSAS","20",6.02,5700000,5400000,750600000
2021,"KENTUCKY","21",5.79,1550000,1440000,276480000
2021,"LOUISIANA","22",5.29,580000,565000,103395000
2021,"MARYLAND","24",6.39,470000,425000,74375000
2021,"MICHIGAN","26",5.86,2350000,1990000,346260000
2021,"MINNESOTA","27",5.91,8400000,7840000,1387680000
2021,"MISSISSIPPI","28",5.59,730000,7e+05,126700000
2021,"MISSOURI","29",6.15,3600000,3430000,545370000
2021,"MONTANA","30",6.9,120000,60000,6e+06
2021,"NEBRASKA","31",5.96,9900000,9560000,1854640000
2021,"NEW JERSEY","34",6.48,78000,72000,11736000
2021,"NEW MEXICO","35",5.75,120000,39000,7176000
2021,"NEW YORK","36",6.5,1040000,580000,96860000
2021,"NORTH CAROLINA","37",6.3,960000,905000,134845000
2021,"NORTH DAKOTA","38",5.86,4100000,3630000,381150000
2021,"OHIO","39",5.92,3550000,3340000,644620000
2021,"OKLAHOMA","40",6.14,340000,295000,44250000
2021,"OREGON","41",7.23,95000,55000,13200000
2021,"PENNSYLVANIA","42",6.65,1330000,990000,167310000
2021,"SOUTH CAROLINA","45",5.94,4e+05,380000,52820000
2021,"SOUTH DAKOTA","46",6.11,6150000,5480000,734320000
2021,"TENNESSEE","47",5.67,1010000,950000,161500000
2021,"TEXAS","48",6.18,2150000,1850000,236800000
2021,"UTAH","49",6.55,70000,19000,3401000
2021,"VIRGINIA","51",6.4,510000,360000,57600000
2021,"WASHINGTON","53",6.31,165000,85000,21080000
2021,"WEST VIRGINIA","54",6.1,51000,38000,5472000
2021,"WISCONSIN","55",6,3950000,3e+06,5.4e+08
2021,"WYOMING","56",6,95000,79000,10428000
2020,"ALABAMA","01",5.14,330000,320000,50560000
2020,"ARIZONA","04",5.4,75000,29000,5858000
2020,"ARKANSAS","05",4.49,620000,605000,111320000
2020,"CALIFORNIA","06",4.75,440000,60000,11220000
2020,"COLORADO","08",4.62,1420000,1060000,122960000
2020,"DELAWARE","10",5.6,180000,176000,28160000
2020,"FLORIDA","12",5.67,1e+05,61000,8418000
2020,"GEORGIA","13",5.08,420000,390000,70200000
2020,"IDAHO","16",4.8,390000,130000,25870000
2020,"ILLINOIS","17",4.46,11300000,11100000,2120100000
2020,"INDIANA","18",4.65,5400000,5250000,981750000
2020,"IOWA","19",4.64,13600000,12900000,2283300000
2020,"KANSAS","20",4.35,6100000,5720000,766480000
2020,"KENTUCKY","21",4.52,1470000,1360000,250240000
2020,"LOUISIANA","22",3.74,5e+05,485000,87785000
2020,"MARYLAND","24",5.6,480000,430000,66650000
2020,"MICHIGAN","26",4.72,2350000,1990000,304470000
2020,"MINNESOTA","27",4.52,8e+06,7510000,1434410000
2020,"MISSISSIPPI","28",4.03,510000,490000,88200000
2020,"MISSOURI","29",4.59,3450000,3280000,560880000
2020,"MONTANA","30",4.4,115000,61000,6649000
2020,"NEBRASKA","31",4.47,10200000,9890000,1780200000
2020,"NEW JERSEY","34",5.7,80000,73000,11388000
2020,"NEW MEXICO","35",4.7,125000,37000,7215000
2020,"NEW YORK","36",6.1,1030000,5e+05,78500000
2020,"NORTH CAROLINA","37",4.7,990000,940000,106220000
2020,"NORTH DAKOTA","38",4.44,1950000,1780000,247420000
2020,"OHIO","39",4.69,3550000,3300000,564300000
2020,"OKLAHOMA","40",4.35,360000,320000,43200000
2020,"OREGON","41",5.45,1e+05,65000,15665000
2020,"PENNSYLVANIA","42",5.51,1500000,1e+06,1.38e+08
2020,"SOUTH CAROLINA","45",4.36,390000,370000,48840000
2020,"SOUTH DAKOTA","46",4.37,4900000,4450000,720900000
2020,"TENNESSEE","47",4.7,860000,815000,138550000
2020,"TEXAS","48",4.52,2250000,1810000,231680000
2020,"UTAH","49",5.35,85000,29000,4321000
2020,"VIRGINIA","51",5.1,560000,420000,51240000
2020,"WASHINGTON","53",4.7,195000,85000,19380000
2020,"WEST VIRGINIA","54",4.7,51000,38000,5472000
2020,"WISCONSIN","55",4.44,3950000,2930000,506890000
2020,"WYOMING","56",3.95,95000,54000,6588000
2019,"ALABAMA","01",3.99,320000,305000,44835000
2019,"ARIZONA","04",5.4,90000,37000,8547000
2019,"ARKANSAS","05",3.86,770000,735000,128625000
2019,"CALIFORNIA","06",4.6,480000,60000,10080000
2019,"COLORADO","08",3.68,1550000,1300000,159900000
2019,"DELAWARE","10",4.3,185000,180000,28980000
2019,"FLORIDA","12",4.39,95000,54000,8694000
2019,"GEORGIA","13",4.53,395000,350000,5.6e+07
2019,"IDAHO","16",4.47,390000,150000,30750000
2019,"ILLINOIS","17",3.55,10500000,10200000,1846200000
2019,"INDIANA","18",3.84,5e+06,4820000,814580000
2019,"IOWA","19",3.5,13500000,13050000,2583900000
2019,"KANSAS","20",3.56,6400000,6020000,800660000
2019,"KENTUCKY","21",3.92,1550000,1450000,245050000
2019,"LOUISIANA","22",3.86,570000,545000,89925000
2019,"MARYLAND","24",4.3,510000,460000,74060000
2019,"MICHIGAN","26",3.73,2e+06,1610000,236670000
2019,"MINNESOTA","27",3.26,7800000,7250000,1254250000
2019,"MISSISSIPPI","28",3.86,660000,620000,107880000
2019,"MISSOURI","29",3.67,3200000,2990000,463450000
2019,"MONTANA","30",3.7,115000,60000,5700000
2019,"NEBRASKA","31",3.52,10100000,9810000,1785420000
2019,"NEW JERSEY","34",4.3,77000,68000,10540000
2019,"NEW MEXICO","35",4.4,150000,48000,6480000
2019,"NEW YORK","36",4.2,1020000,545000,86110000
2019,"NORTH CAROLINA","37",4.41,990000,930000,103230000
2019,"NORTH DAKOTA","38",3.07,3500000,3130000,410030000
2019,"OHIO","39",3.91,2800000,2570000,421480000
2019,"OKLAHOMA","40",4,370000,330000,45210000
2019,"OREGON","41",4.34,85000,49000,11613000
2019,"PENNSYLVANIA","42",4.13,1450000,1060000,162180000
2019,"SOUTH CAROLINA","45",4.64,380000,350000,37100000
2019,"SOUTH DAKOTA","46",3.32,4350000,3870000,557280000
2019,"TENNESSEE","47",3.78,970000,910000,161070000
2019,"TEXAS","48",4.2,2500000,2150000,285950000
2019,"UTAH","49",4.3,85000,26000,3718000
2019,"VIRGINIA","51",4.1,540000,380000,54720000
2019,"WASHINGTON","53",4.13,175000,90000,21330000
2019,"WEST VIRGINIA","54",4.1,52000,38000,6270000
2019,"WISCONSIN","55",3.43,3800000,2670000,443220000
2019,"WYOMING","56",3.45,95000,67000,8241000
2018,"ALABAMA","01",4.11,255000,245000,38220000
2018,"ARIZONA","04",4.96,80000,20000,4400000
2018,"ARKANSAS","05",3.8,660000,645000,116745000
2018,"CALIFORNIA","06",4.4,430000,65000,11245000
2018,"COLORADO","08",3.7,1460000,1190000,154700000
2018,"DELAWARE","10",4.11,170000,166000,24070000
2018,"FLORIDA","12",4.47,95000,62000,9734000
2018,"GEORGIA","13",4.35,325000,285000,50160000
2018,"IDAHO","16",4.42,350000,125000,26625000
2018,"ILLINOIS","17",3.62,1.1e+07,10800000,2.268e+09
2018,"INDIANA","18",3.78,5300000,5120000,967680000
2018,"IOWA","19",3.59,13200000,12750000,2.499e+09
2018,"KANSAS","20",3.58,5450000,4980000,642420000
2018,"KENTUCKY","21",3.84,1330000,1220000,213500000
2018,"LOUISIANA","22",3.86,460000,450000,77850000
2018,"MARYLAND","24",4.11,440000,380000,55480000
2018,"MICHIGAN","26",3.72,2250000,1890000,289170000
2018,"MINNESOTA","27",3.47,7900000,7460000,1357720000
2018,"MISSISSIPPI","28",3.8,480000,460000,85100000
2018,"MISSOURI","29",3.68,3500000,3330000,466200000
2018,"MONTANA","30",3.79,115000,68000,5780000
2018,"NEBRASKA","31",3.58,9600000,9300000,1785600000
2018,"NEW JERSEY","34",3.9,70000,60000,8460000
2018,"NEW MEXICO","35",4.3,135000,35000,6545000
2018,"NEW YORK","36",4.16,1070000,615000,97785000
2018,"NORTH CAROLINA","37",4.39,910000,830000,93790000
2018,"NORTH DAKOTA","38",3.32,3150000,2930000,448290000
2018,"OHIO","39",3.74,3500000,3300000,617100000
2018,"OKLAHOMA","40",3.86,310000,270000,36180000
2018,"OREGON","41",4.13,75000,40000,7800000
2018,"PENNSYLVANIA","42",4.22,1300000,890000,124600000
2018,"SOUTH CAROLINA","45",4.5,340000,310000,39370000
2018,"SOUTH DAKOTA","46",3.38,5300000,4860000,777600000
2018,"TENNESSEE","47",3.76,720000,670000,112560000
2018,"TEXAS","48",4.13,2200000,1750000,1.89e+08
2018,"UTAH","49",4.31,70000,22000,4004000
2018,"VIRGINIA","51",4.06,485000,325000,47450000
2018,"WASHINGTON","53",4.11,165000,85000,18700000
2018,"WEST VIRGINIA","54",4.08,46000,33000,5016000
2018,"WISCONSIN","55",3.52,3900000,3170000,545240000
2018,"WYOMING","56",3.69,95000,70000,11480000
2017,"ALABAMA","01",4.04,250000,235000,39245000
2017,"ARIZONA","04",4.55,65000,32000,6240000
2017,"ARKANSAS","05",3.64,620000,595000,108885000
2017,"CALIFORNIA","06",4.2,430000,80000,13360000
2017,"COLORADO","08",3.37,1460000,1300000,185900000
2017,"DELAWARE","10",4.02,180000,171000,32319000
2017,"FLORIDA","12",4.47,75000,37000,5957000
2017,"GEORGIA","13",4.33,290000,245000,43120000
2017,"IDAHO","16",4.21,340000,115000,23345000
2017,"ILLINOIS","17",3.41,11200000,10950000,2200950000
2017,"INDIANA","18",3.56,5350000,5200000,9.36e+08
2017,"IOWA","19",3.31,13300000,12900000,2605800000
2017,"KANSAS","20",3.28,5500000,5200000,686400000
2017,"KENTUCKY","21",3.69,1320000,1220000,217160000
2017,"LOUISIANA","22",3.72,5e+05,490000,90160000
2017,"MARYLAND","24",4.02,480000,420000,72240000
2017,"MICHIGAN","26",3.46,2250000,1890000,300510000
2017,"MINNESOTA","27",3.18,8050000,7630000,1480220000
2017,"MISSISSIPPI","28",3.68,520000,5e+05,94500000
2017,"MISSOURI","29",3.41,3400000,3250000,552500000
2017,"MONTANA","30",3.41,115000,65000,4550000
2017,"NEBRASKA","31",3.35,9550000,9300000,1683300000
2017,"NEW JERSEY","34",3.75,77000,70000,11690000
2017,"NEW MEXICO","35",3.9,125000,43000,5762000
2017,"NEW YORK","36",4.07,1e+06,485000,78085000
2017,"NORTH CAROLINA","37",4.24,890000,840000,119280000
2017,"NORTH DAKOTA","38",3.04,3420000,3230000,448970000
2017,"OHIO","39",3.61,3400000,3150000,557550000
2017,"OKLAHOMA","40",3.59,350000,305000,38430000
2017,"OREGON","41",3.78,85000,44000,9328000
2017,"PENNSYLVANIA","42",3.87,1350000,920000,148120000
2017,"SOUTH CAROLINA","45",4.4,350000,325000,44200000
2017,"SOUTH DAKOTA","46",3.09,5700000,5080000,736600000
2017,"TENNESSEE","47",3.55,750000,710000,121410000
2017,"TEXAS","48",3.7,2450000,2240000,313600000
2017,"UTAH","49",3.96,80000,20000,3520000
2017,"VIRGINIA","51",3.96,5e+05,340000,47600000
2017,"WASHINGTON","53",4.05,170000,80000,1.8e+07
2017,"WEST VIRGINIA","54",3.95,50000,33000,5016000
2017,"WISCONSIN","55",3.3,3900000,2930000,509820000
2017,"WYOMING","56",3.35,95000,63000,9765000
2016,"ALABAMA","01",3.63,330000,315000,37800000
2016,"ARIZONA","04",4.73,95000,50000,10750000
2016,"ARKANSAS","05",3.69,760000,745000,127395000
2016,"CALIFORNIA","06",4.69,420000,1e+05,18500000
2016,"COLORADO","08",3.42,1340000,1170000,160290000
2016,"DELAWARE","10",4.09,170000,164000,27880000
2016,"FLORIDA","12",3.93,80000,40000,5800000
2016,"GEORGIA","13",3.88,410000,340000,56100000
2016,"IDAHO","16",4.44,340000,1e+05,18800000
2016,"ILLINOIS","17",3.43,11600000,11450000,2255650000
2016,"INDIANA","18",3.63,5600000,5470000,946310000
2016,"IOWA","19",3.3,13900000,13500000,2740500000
2016,"KANSAS","20",3.2,5100000,4920000,698640000
2016,"KENTUCKY","21",3.74,1500000,1400000,222600000
2016,"LOUISIANA","22",3.7,620000,550000,90750000
2016,"MARYLAND","24",4.05,460000,4e+05,60800000
2016,"MICHIGAN","26",3.44,2400000,2040000,320280000
2016,"MINNESOTA","27",3.21,8450000,8e+06,1.544e+09
2016,"MISSISSIPPI","28",3.74,750000,720000,119520000
2016,"MISSOURI","29",3.4,3650000,3500000,570500000
2016,"MONTANA","30",4.15,115000,55000,5500000
2016,"NEBRASKA","31",3.32,9850000,9550000,1699900000
2016,"NEW JERSEY","34",3.9,80000,71000,10295000
2016,"NEW MEXICO","35",3.93,120000,41000,6150000
2016,"NEW YORK","36",3.9,1100000,570000,73530000
2016,"NORTH CAROLINA","37",4.07,1e+06,940000,121260000
2016,"NORTH DAKOTA","38",3.01,3450000,3270000,516660000
2016,"OHIO","39",3.61,3550000,3300000,524700000
2016,"OKLAHOMA","40",3.39,4e+05,350000,42350000
2016,"OREGON","41",4.25,80000,39000,8970000
2016,"PENNSYLVANIA","42",4.04,1400000,950000,122550000
2016,"SOUTH CAROLINA","45",3.69,375000,350000,44450000
2016,"SOUTH DAKOTA","46",3.09,5600000,5130000,825930000
2016,"TENNESSEE","47",3.66,880000,830000,125330000
2016,"TEXAS","48",3.71,2900000,2550000,323850000
2016,"UTAH","49",3.87,80000,29000,5075000
2016,"VIRGINIA","51",4,490000,340000,50320000
2016,"WASHINGTON","53",4.71,170000,85000,19975000
2016,"WEST VIRGINIA","54",3.9,49000,35000,5075000
2016,"WISCONSIN","55",3.28,4050000,3220000,573160000
2016,"WYOMING","56",3.39,1e+05,69000,10143000
2015,"ALABAMA","01",3.74,260000,245000,36015000
2015,"ARIZONA","04",4.98,75000,36000,7560000
2015,"ARKANSAS","05",4.11,460000,445000,80545000
2015,"CALIFORNIA","06",4.39,440000,60000,9420000
2015,"COLORADO","08",3.69,1100000,950000,134900000
2015,"DELAWARE","10",3.88,170000,164000,31488000
2015,"FLORIDA","12",3.8,80000,50000,7050000
2015,"GEORGIA","13",3.9,330000,285000,48735000
2015,"IDAHO","16",4.71,280000,70000,14490000
2015,"ILLINOIS","17",3.69,11700000,11500000,2012500000
2015,"INDIANA","18",3.92,5650000,5480000,8.22e+08
2015,"IOWA","19",3.52,13500000,13050000,2505600000
2015,"KANSAS","20",3.69,4150000,3920000,580160000
2015,"KENTUCKY","21",3.88,1400000,1310000,225320000
2015,"LOUISIANA","22",4,4e+05,390000,66690000
2015,"MARYLAND","24",3.88,440000,380000,62320000
2015,"MICHIGAN","26",3.63,2350000,2070000,335340000
2015,"MINNESOTA","27",3.37,8100000,7600000,1428800000
2015,"MISSISSIPPI","28",4.01,510000,490000,85750000
2015,"MISSOURI","29",3.69,3250000,3080000,437360000
2015,"MONTANA","30",4.01,105000,50000,5500000
2015,"NEBRASKA","31",3.57,9400000,9150000,1692750000
2015,"NEW JERSEY","34",3.85,80000,72000,10584000
2015,"NEW MEXICO","35",4.58,125000,40000,7200000
2015,"NEW YORK","36",4.01,1080000,590000,84370000
2015,"NORTH CAROLINA","37",4.32,790000,730000,82490000
2015,"NORTH DAKOTA","38",3.28,2750000,2560000,327680000
2015,"OHIO","39",3.89,3550000,3260000,498780000
2015,"OKLAHOMA","40",3.93,310000,280000,36120000
2015,"OREGON","41",4,65000,30000,5640000
2015,"PENNSYLVANIA","42",3.97,1340000,940000,138180000
2015,"SOUTH CAROLINA","45",4.06,295000,260000,24180000
2015,"SOUTH DAKOTA","46",3.3,5400000,5030000,799770000
2015,"TENNESSEE","47",3.92,780000,730000,116800000
2015,"TEXAS","48",4.2,2300000,1970000,265950000
2015,"UTAH","49",4.68,65000,17000,2941000
2015,"VIRGINIA","51",4.05,450000,3e+05,48300000
2015,"WASHINGTON","53",4.3,170000,75000,16125000
2015,"WEST VIRGINIA","54",3.95,50000,35000,5180000
2015,"WISCONSIN","55",3.46,4e+06,3e+06,4.92e+08
2015,"WYOMING","56",3.44,85000,59000,9381000
2014,"ALABAMA","01",3.75,3e+05,285000,45315000
2014,"ARIZONA","04",5.36,75000,28000,5880000
2014,"ARKANSAS","05",4.13,540000,530000,99110000
2014,"CALIFORNIA","06",4.81,520000,95000,15675000
2014,"COLORADO","08",3.95,1150000,1010000,147460000
2014,"DELAWARE","10",3.83,175000,168000,33600000
2014,"FLORIDA","12",3.65,75000,40000,5400000
2014,"GEORGIA","13",4.17,350000,310000,52700000
2014,"IDAHO","16",4.16,320000,80000,1.6e+07
2014,"ILLINOIS","17",3.71,11900000,11750000,2.35e+09
2014,"INDIANA","18",3.75,5900000,5770000,1084760000
2014,"IOWA","19",3.71,13700000,13300000,2367400000
2014,"KANSAS","20",3.78,4050000,3800000,566200000
2014,"KENTUCKY","21",3.94,1520000,1430000,225940000
2014,"LOUISIANA","22",4.15,4e+05,390000,71370000
2014,"MARYLAND","24",3.79,5e+05,430000,75250000
2014,"MICHIGAN","26",3.65,2550000,2210000,355810000
2014,"MINNESOTA","27",3.58,8200000,7550000,1177800000
2014,"MISSISSIPPI","28",4.24,510000,485000,89725000
2014,"MISSOURI","29",3.54,3500000,3380000,628680000
2014,"MONTANA","30",3.77,130000,75000,7500000
2014,"NEBRASKA","31",3.77,9300000,8950000,1602050000
2014,"NEW JERSEY","34",3.8,85000,79000,12403000
2014,"NEW MEXICO","35",4.35,125000,48000,9360000
2014,"NEW YORK","36",4.11,1140000,680000,100640000
2014,"NORTH CAROLINA","37",4.19,840000,780000,102960000
2014,"NORTH DAKOTA","38",3.34,2800000,2530000,313720000
2014,"OHIO","39",3.78,3700000,3480000,612480000
2014,"OKLAHOMA","40",4.11,320000,290000,42630000
2014,"OREGON","41",4.45,80000,39000,7410000
2014,"PENNSYLVANIA","42",3.9,1460000,1030000,158620000
2014,"SOUTH CAROLINA","45",3.9,295000,280000,32760000
2014,"SOUTH DAKOTA","46",3.34,5800000,5320000,787360000
2014,"TENNESSEE","47",3.81,920000,840000,141120000
2014,"TEXAS","48",4.42,2250000,1990000,294520000
2014,"UTAH","49",4.13,75000,28000,4480000
2014,"VIRGINIA","51",3.9,5e+05,350000,50750000
2014,"WASHINGTON","53",4.9,215000,110000,23650000
2014,"WEST VIRGINIA","54",3.85,51000,36000,5364000
2014,"WISCONSIN","55",3.67,4e+06,3110000,485160000
2014,"WYOMING","56",3.8,90000,60000,8280000
2013,"ALABAMA","01",4.71,320000,295000,43365000
2013,"ARIZONA","04",5.89,85000,51000,9027000
2013,"ARKANSAS","05",5.12,880000,870000,161820000
2013,"CALIFORNIA","06",5.33,6e+05,180000,34380000
2013,"COLORADO","08",4.61,1220000,980000,128380000
2013,"DELAWARE","10",4.94,180000,174000,28884000
2013,"FLORIDA","12",4.51,115000,78000,10374000
2013,"GEORGIA","13",5.17,510000,465000,81375000
2013,"IDAHO","16",4.91,350000,115000,20815000
2013,"ILLINOIS","17",4.52,1.2e+07,11800000,2100400000
2013,"INDIANA","18",4.47,6e+06,5830000,1031910000
2013,"IOWA","19",4.49,13600000,13050000,2140200000
2013,"KANSAS","20",4.49,4300000,4e+06,5.04e+08
2013,"KENTUCKY","21",4.67,1530000,1430000,243100000
2013,"LOUISIANA","22",5.1,680000,670000,115910000
2013,"MARYLAND","24",4.84,480000,420000,66360000
2013,"MICHIGAN","26",4.18,2600000,2230000,345650000
2013,"MINNESOTA","27",4.3,8600000,8140000,1294260000
2013,"MISSISSIPPI","28",5.05,860000,830000,146080000
2013,"MISSOURI","29",4.57,3350000,3200000,435200000
2013,"MONTANA","30",4.27,120000,75000,8625000
2013,"NEBRASKA","31",4.47,9950000,9550000,1613950000
2013,"NEW JERSEY","34",4.66,90000,80000,11120000
2013,"NEW MEXICO","35",5.18,120000,38000,7220000
2013,"NEW YORK","36",4.52,1200000,690000,94530000
2013,"NORTH CAROLINA","37",4.96,930000,860000,122120000
2013,"NORTH DAKOTA","38",3.91,3850000,3600000,3.96e+08
2013,"OHIO","39",4.41,3900000,3740000,650760000
2013,"OKLAHOMA","40",5.09,370000,310000,44950000
2013,"OREGON","41",5.44,80000,36000,6768000
2013,"PENNSYLVANIA","42",4.47,1480000,1090000,159140000
2013,"SOUTH CAROLINA","45",4.67,350000,335000,43215000
2013,"SOUTH DAKOTA","46",4.05,6200000,5860000,802820000
2013,"TENNESSEE","47",4.87,890000,810000,126360000
2013,"TEXAS","48",5.14,2350000,1950000,265200000
2013,"UTAH","49",5.47,83000,31000,5270000
2013,"VIRGINIA","51",4.8,510000,360000,55440000
2013,"WASHINGTON","53",5.29,190000,105000,22575000
2013,"WEST VIRGINIA","54",4.7,53000,36000,5292000
2013,"WISCONSIN","55",4.38,4100000,3030000,439350000
2013,"WYOMING","56",4.08,1e+05,67000,8509000
2012,"ALABAMA","01",7.18,310000,295000,28910000
2012,"ARIZONA","04",7.84,70000,32000,6240000
2012,"ARKANSAS","05",6.81,710000,695000,123710000
2012,"CALIFORNIA","06",6.68,640000,180000,32400000
2012,"COLORADO","08",6.86,1420000,1010000,134330000
2012,"DELAWARE","10",7.55,185000,178000,24030000
2012,"FLORIDA","12",7.5,75000,40000,4600000
2012,"GEORGIA","13",7.9,345000,310000,55800000
2012,"IDAHO","16",7.1,360000,135000,26325000
2012,"ILLINOIS","17",6.87,12800000,12250000,1286250000
2012,"INDIANA","18",7.23,6250000,6030000,596970000
2012,"IOWA","19",6.92,14200000,13700000,1876900000
2012,"KANSAS","20",7.04,4700000,3950000,375250000
2012,"KENTUCKY","21",6.96,1650000,1530000,104040000
2012,"LOUISIANA","22",6.9,540000,530000,91690000
2012,"MARYLAND","24",7.3,495000,435000,53070000
2012,"MICHIGAN","26",6.69,2700000,2380000,314160000
2012,"MINNESOTA","27",6.67,8750000,8330000,1374450000
2012,"MISSISSIPPI","28",6.94,820000,795000,131175000
2012,"MISSOURI","29",7.34,3600000,3300000,247500000
2012,"MONTANA","30",7.21,105000,60000,6240000
2012,"NEBRASKA","31",6.85,1e+07,9100000,1292200000
2012,"NEW JERSEY","34",7.4,95000,86000,10148000
2012,"NEW MEXICO","35",7.3,125000,43000,7310000
2012,"NEW YORK","36",6.78,1170000,680000,91120000
2012,"NORTH CAROLINA","37",7.48,870000,820000,95940000
2012,"NORTH DAKOTA","38",6.46,3640000,3460000,422120000
2012,"OHIO","39",7.09,3900000,3650000,4.38e+08
2012,"OKLAHOMA","40",7.04,360000,295000,32450000
2012,"OREGON","41",6.96,85000,52000,10660000
2012,"PENNSYLVANIA","42",7.21,1460000,1e+06,1.31e+08
2012,"SOUTH CAROLINA","45",7.5,330000,310000,37820000
2012,"SOUTH DAKOTA","46",6.72,6150000,5300000,535300000
2012,"TENNESSEE","47",7.28,1040000,960000,81600000
2012,"TEXAS","48",7.12,1850000,1550000,199950000
2012,"UTAH","49",7.59,92000,34000,5678000
2012,"VIRGINIA","51",7.3,510000,350000,36050000
2012,"WASHINGTON","53",6.69,195000,115000,24725000
2012,"WEST VIRGINIA","54",7.2,51000,35000,4480000
2012,"WISCONSIN","55",6.69,4350000,3300000,3.96e+08
2012,"WYOMING","56",7.05,105000,60000,8520000
2011,"ALABAMA","01",6.32,270000,250000,28500000
2011,"ARIZONA","04",6.78,60000,35000,6230000
2011,"ARKANSAS","05",6.27,560000,520000,73320000
2011,"CALIFORNIA","06",6.41,630000,150000,27150000
2011,"COLORADO","08",6.15,1500000,1300000,172900000
2011,"DELAWARE","10",6.93,190000,182000,23660000
2011,"FLORIDA","12",6.65,70000,33000,3432000
2011,"GEORGIA","13",7.3,345000,270000,42930000
2011,"IDAHO","16",6.96,350000,120000,22680000
2011,"ILLINOIS","17",6.25,12600000,12350000,1938950000
2011,"INDIANA","18",6.31,5900000,5750000,839500000
2011,"IOWA","19",6.2,14100000,13700000,2356400000
2011,"KANSAS","20",6.28,4900000,4200000,449400000
2011,"KENTUCKY","21",6.3,1380000,1300000,180700000
2011,"LOUISIANA","22",6.1,580000,570000,76950000
2011,"MARYLAND","24",6.7,5e+05,420000,45780000
2011,"MICHIGAN","26",6.14,2500000,2190000,335070000
2011,"MINNESOTA","27",6.09,8100000,7700000,1193500000
2011,"MISSISSIPPI","28",6.23,810000,730000,93440000
2011,"MISSOURI","29",6.4,3300000,3050000,347700000
2011,"MONTANA","30",6.47,77000,36000,4572000
2011,"NEBRASKA","31",6.11,9850000,9600000,1.536e+09
2011,"NEW JERSEY","34",6.8,90000,81000,9963000
2011,"NEW MEXICO","35",6.35,130000,45000,8100000
2011,"NEW YORK","36",6.9,1100000,620000,82460000
2011,"NORTH CAROLINA","37",7.04,870000,815000,68460000
2011,"NORTH DAKOTA","38",5.81,2230000,2060000,216300000
2011,"OHIO","39",6.44,3400000,3200000,489600000
2011,"OKLAHOMA","40",6.22,380000,190000,17480000
2011,"OREGON","41",6.95,83000,51000,10965000
2011,"PENNSYLVANIA","42",7.05,1420000,960000,106560000
2011,"SOUTH CAROLINA","45",6.6,360000,330000,21450000
2011,"SOUTH DAKOTA","46",6.03,5200000,4950000,653400000
2011,"TENNESSEE","47",6.56,790000,735000,96285000
2011,"TEXAS","48",6.61,2050000,1470000,133770000
2011,"UTAH","49",6.97,85000,30000,4920000
2011,"VIRGINIA","51",6.58,490000,340000,40120000
2011,"WASHINGTON","53",6.22,195000,125000,28125000
2011,"WEST VIRGINIA","54",6.5,48000,31000,3534000
2011,"WISCONSIN","55",6.02,4150000,3320000,514600000
2011,"WYOMING","56",6.2,105000,70000,9100000
2010,"ALABAMA","01",5.07,270000,250000,28750000
2010,"ARIZONA","04",5.8,45000,22000,4620000
2010,"ARKANSAS","05",4.55,390000,380000,5.7e+07
2010,"CALIFORNIA","06",5.08,610000,180000,34560000
2010,"COLORADO","08",4.98,1330000,1210000,182710000
2010,"DELAWARE","10",6.21,180000,173000,19722000
2010,"FLORIDA","12",4.7,60000,25000,2725000
2010,"GEORGIA","13",5.95,295000,245000,35770000
2010,"IDAHO","16",5.27,320000,110000,20900000
2010,"ILLINOIS","17",5.24,12600000,12400000,1946800000
2010,"INDIANA","18",5.38,5900000,5720000,898040000
2010,"IOWA","19",5.23,13400000,13050000,2153250000
2010,"KANSAS","20",4.95,4850000,4650000,576600000
2010,"KENTUCKY","21",5.15,1340000,1230000,152520000
2010,"LOUISIANA","22",4.9,510000,5e+05,7e+07
2010,"MARYLAND","24",6.05,5e+05,430000,45580000
2010,"MICHIGAN","26",5.56,2400000,2100000,312900000
2010,"MINNESOTA","27",5.01,7700000,7300000,1292100000
2010,"MISSISSIPPI","28",4.37,750000,670000,91120000
2010,"MISSOURI","29",5.35,3150000,3e+06,3.69e+08
2010,"MONTANA","30",6,80000,34000,4590000
2010,"NEBRASKA","31",5.09,9150000,8850000,1469100000
2010,"NEW JERSEY","34",6.05,80000,71000,8094000
2010,"NEW MEXICO","35",5.03,140000,66000,11880000
2010,"NEW YORK","36",6.3,1050000,590000,87910000
2010,"NORTH CAROLINA","37",5.18,910000,840000,76440000
2010,"NORTH DAKOTA","38",5.01,2050000,1880000,248160000
2010,"OHIO","39",5.45,3450000,3270000,523200000
2010,"OKLAHOMA","40",4.66,370000,340000,43520000
2010,"OREGON","41",5.94,70000,38000,7600000
2010,"PENNSYLVANIA","42",6.12,1350000,910000,116480000
2010,"SOUTH CAROLINA","45",5.49,350000,335000,28140000
2010,"SOUTH DAKOTA","46",5.09,4550000,4220000,569700000
2010,"TENNESSEE","47",4.74,710000,640000,74880000
2010,"TEXAS","48",4.67,2300000,2080000,299520000
2010,"UTAH","49",5.75,70000,23000,4094000
2010,"VIRGINIA","51",5.54,490000,310000,20770000
2010,"WASHINGTON","53",6.08,2e+05,125000,25625000
2010,"WEST VIRGINIA","54",5.75,48000,29000,2610000
2010,"WISCONSIN","55",5.27,3900000,3100000,502200000
2010,"WYOMING","56",5.31,90000,50000,6150000
2009,"ALABAMA","01",3.89,280000,250000,2.7e+07
2009,"ARIZONA","04",4.14,50000,20000,3500000
2009,"ARKANSAS","05",3.79,430000,410000,60680000
2009,"CALIFORNIA","06",4.28,550000,160000,28800000
2009,"COLORADO","08",3.68,1100000,990000,151470000
2009,"DELAWARE","10",3.8,170000,163000,23635000
2009,"FLORIDA","12",4,70000,37000,3589000
2009,"GEORGIA","13",4.1,420000,370000,51800000
2009,"IDAHO","16",4.23,3e+05,80000,14800000
2009,"ILLINOIS","17",3.53,1.2e+07,11800000,2053200000
2009,"INDIANA","18",3.66,5600000,5460000,933660000
2009,"IOWA","19",3.59,13600000,13300000,2407300000
2009,"KANSAS","20",3.49,4100000,3860000,598300000
2009,"KENTUCKY","21",3.74,1220000,1150000,189750000
2009,"LOUISIANA","22",3.55,630000,610000,80520000
2009,"MARYLAND","24",3.71,470000,425000,61625000
2009,"MICHIGAN","26",3.53,2350000,2090000,309320000
2009,"MINNESOTA","27",3.47,7600000,7150000,1244100000
2009,"MISSISSIPPI","28",3.72,730000,695000,88960000
2009,"MISSOURI","29",3.58,3e+06,2920000,446760000
2009,"MONTANA","30",4.23,72000,26000,3952000
2009,"NEBRASKA","31",3.58,9150000,8850000,1584150000
2009,"NEW JERSEY","34",3.73,80000,70000,10010000
2009,"NEW MEXICO","35",4.12,130000,50000,9500000
2009,"NEW YORK","36",4.02,1070000,595000,79730000
2009,"NORTH CAROLINA","37",3.9,870000,8e+05,93600000
2009,"NORTH DAKOTA","38",3.18,1950000,1740000,200100000
2009,"OHIO","39",3.55,3350000,3140000,536940000
2009,"OKLAHOMA","40",3.71,390000,320000,33600000
2009,"OREGON","41",4.12,60000,32000,6880000
2009,"PENNSYLVANIA","42",3.84,1350000,920000,130640000
2009,"SOUTH CAROLINA","45",3.86,335000,320000,35520000
2009,"SOUTH DAKOTA","46",3.23,5e+06,4680000,706680000
2009,"TENNESSEE","47",3.65,670000,590000,87320000
2009,"TEXAS","48",4.01,2350000,1960000,243040000
2009,"UTAH","49",4.52,65000,17000,2550000
2009,"VIRGINIA","51",3.66,480000,330000,43230000
2009,"WASHINGTON","53",4.59,170000,105000,22575000
2009,"WEST VIRGINIA","54",3.57,47000,30000,3780000
2009,"WISCONSIN","55",3.57,3850000,2930000,448290000
2009,"WYOMING","56",4.06,90000,45000,6300000
2008,"ALABAMA","01",5.26,260000,235000,24440000
2008,"ARIZONA","04",5.8,50000,15000,2475000
2008,"ARKANSAS","05",4.42,440000,430000,65360000
2008,"CALIFORNIA","06",4.77,670000,170000,33150000
2008,"COLORADO","08",4.14,1250000,1010000,138370000
2008,"DELAWARE","10",4.57,160000,152000,1.9e+07
2008,"FLORIDA","12",4.5,70000,35000,3850000
2008,"GEORGIA","13",4.5,370000,310000,43400000
2008,"IDAHO","16",4.32,3e+05,80000,13600000
2008,"ILLINOIS","17",4.01,12100000,11900000,2130100000
2008,"INDIANA","18",4.1,5700000,5460000,873600000
2008,"IOWA","19",4.1,13300000,12800000,2188800000
2008,"KANSAS","20",4.12,3850000,3630000,482790000
2008,"KENTUCKY","21",4.36,1210000,1120000,152320000
2008,"LOUISIANA","22",4.45,520000,510000,73440000
2008,"MARYLAND","24",4.42,460000,4e+05,48400000
2008,"MICHIGAN","26",3.84,2400000,2140000,295320000
2008,"MINNESOTA","27",3.92,7700000,7200000,1166400000
2008,"MISSISSIPPI","28",4.63,720000,7e+05,9.8e+07
2008,"MISSOURI","29",4.11,2800000,2650000,381600000
2008,"MONTANA","30",3.8,78000,35000,4270000
2008,"NEBRASKA","31",4.05,8800000,8550000,1393650000
2008,"NEW JERSEY","34",4.15,85000,74000,8584000
2008,"NEW MEXICO","35",5.3,140000,55000,10175000
2008,"NEW YORK","36",4.32,1090000,640000,92160000
2008,"NORTH CAROLINA","37",4.91,9e+05,830000,64740000
2008,"NORTH DAKOTA","38",3.74,2550000,2300000,285200000
2008,"OHIO","39",4.21,3300000,3120000,408720000
2008,"OKLAHOMA","40",4.46,370000,320000,35200000
2008,"OREGON","41",4.15,60000,33000,6435000
2008,"PENNSYLVANIA","42",4.16,1350000,880000,117040000
2008,"SOUTH CAROLINA","45",4.59,355000,315000,19845000
2008,"SOUTH DAKOTA","46",3.78,4750000,4400000,585200000
2008,"TENNESSEE","47",4.53,690000,630000,74340000
2008,"TEXAS","48",4.82,2300000,2030000,239540000
2008,"UTAH","49",4.4,70000,23000,3611000
2008,"VIRGINIA","51",4.51,470000,340000,36720000
2008,"WASHINGTON","53",4.56,165000,90000,18450000
2008,"WEST VIRGINIA","54",4.34,43000,26000,3380000
2008,"WISCONSIN","55",3.89,3800000,2880000,394560000
2008,"WYOMING","56",4.25,95000,52000,6968000
2007,"ALABAMA","01",4.54,340000,280000,21840000
2007,"ARIZONA","04",5.03,55000,22000,4070000
2007,"ARKANSAS","05",3.8,610000,590000,99710000
2007,"CALIFORNIA","06",4.28,650000,190000,34580000
2007,"COLORADO","08",3.96,1200000,1060000,148400000
2007,"DELAWARE","10",4.76,195000,185000,18315000
2007,"FLORIDA","12",4,70000,35000,3150000
2007,"GEORGIA","13",4.5,510000,450000,57150000
2007,"IDAHO","16",4.96,320000,105000,17850000
2007,"ILLINOIS","17",4.09,13200000,13050000,2283750000
2007,"INDIANA","18",4.39,6500000,6370000,980980000
2007,"IOWA","19",4.29,14200000,13900000,2376900000
2007,"KANSAS","20",4.13,3900000,3680000,507840000
2007,"KENTUCKY","21",4.14,1440000,1340000,171520000
2007,"LOUISIANA","22",3.8,740000,730000,118990000
2007,"MARYLAND","24",4.64,540000,465000,46965000
2007,"MICHIGAN","26",4.37,2650000,2340000,287820000
2007,"MINNESOTA","27",4.13,8400000,7850000,1146100000
2007,"MISSISSIPPI","28",3.68,930000,910000,134680000
2007,"MISSOURI","29",4.17,3450000,3270000,457800000
2007,"MONTANA","30",4.76,84000,38000,5320000
2007,"NEBRASKA","31",4.14,9400000,9200000,1.472e+09
2007,"NEW JERSEY","34",4.65,95000,82000,10168000
2007,"NEW MEXICO","35",5.2,135000,54000,9720000
2007,"NEW YORK","36",5.05,1060000,550000,70400000
2007,"NORTH CAROLINA","37",4,1090000,1010000,1.01e+08
2007,"NORTH DAKOTA","38",4.06,2560000,2350000,272600000
2007,"OHIO","39",4.29,3850000,3610000,541500000
2007,"OKLAHOMA","40",4.07,320000,270000,39150000
2007,"OREGON","41",4.36,60000,35000,7e+06
2007,"PENNSYLVANIA","42",4.56,1430000,980000,121520000
2007,"SOUTH CAROLINA","45",3.88,4e+05,370000,35890000
2007,"SOUTH DAKOTA","46",4.17,4950000,4480000,542080000
2007,"TENNESSEE","47",3.8,860000,790000,83740000
2007,"TEXAS","48",4.35,2150000,1970000,291560000
2007,"UTAH","49",4.18,70000,22000,3300000
2007,"VIRGINIA","51",4.39,540000,405000,34830000
2007,"WASHINGTON","53",4.5,195000,115000,24150000
2007,"WEST VIRGINIA","54",4.6,48000,27000,2997000
2007,"WISCONSIN","55",4.11,4050000,3280000,442800000
2007,"WYOMING","56",3.12,95000,60000,7740000
2006,"ALABAMA","01",2.91,2e+05,165000,11880000
2006,"ARIZONA","04",4.37,50000,18000,3060000
2006,"ARKANSAS","05",2.73,190000,180000,26280000
2006,"CALIFORNIA","06",3.35,520000,110000,18150000
2006,"COLORADO","08",3.02,1e+06,860000,134160000
2006,"DELAWARE","10",3.61,170000,161000,23345000
2006,"FLORIDA","12",2.8,60000,30000,2460000
2006,"GEORGIA","13",3,280000,225000,24750000
2006,"IDAHO","16",3.89,270000,65000,11050000
2006,"ILLINOIS","17",3.07,11300000,11150000,1817450000
2006,"INDIANA","18",3.17,5500000,5380000,844660000
2006,"IOWA","19",3.03,12600000,12350000,2050100000
2006,"KANSAS","20",3.08,3350000,3e+06,3.45e+08
2006,"KENTUCKY","21",3.18,1120000,1040000,151840000
2006,"LOUISIANA","22",2.8,3e+05,290000,40600000
2006,"MARYLAND","24",3.41,490000,425000,59500000
2006,"MICHIGAN","26",3.1,2200000,1950000,286650000
2006,"MINNESOTA","27",2.89,7300000,6850000,1102850000
2006,"MISSISSIPPI","28",2.84,340000,325000,34775000
2006,"MISSOURI","29",3.06,2700000,2630000,362940000
2006,"MONTANA","30",3.93,65000,18000,2628000
2006,"NEBRASKA","31",3,8100000,7750000,1.178e+09
2006,"NEW JERSEY","34",3.37,80000,64000,8256000
2006,"NEW MEXICO","35",3.7,130000,45000,8325000
2006,"NEW YORK","36",3.42,950000,480000,61920000
2006,"NORTH CAROLINA","37",3.03,790000,740000,97680000
2006,"NORTH DAKOTA","38",2.77,1690000,1400000,155400000
2006,"OHIO","39",3.08,3150000,2960000,470640000
2006,"OKLAHOMA","40",3.17,270000,220000,23100000
2006,"OREGON","41",3.24,51000,29000,5220000
2006,"PENNSYLVANIA","42",3.54,1350000,960000,117120000
2006,"SOUTH CAROLINA","45",2.98,310000,290000,31900000
2006,"SOUTH DAKOTA","46",2.88,4500000,3220000,312340000
2006,"TENNESSEE","47",2.93,550000,5e+05,62500000
2006,"TEXAS","48",3.2,1760000,1450000,175450000
2006,"UTAH","49",3.29,65000,17000,2669000
2006,"VIRGINIA","51",3.07,480000,345000,41400000
2006,"WASHINGTON","53",3.72,140000,75000,15750000
2006,"WEST VIRGINIA","54",3.57,45000,26000,3120000
2006,"WISCONSIN","55",3.04,3650000,2800000,400400000
2006,"WYOMING","56",2.64,85000,45000,5805000
2005,"ALABAMA","01",2.5,220000,2e+05,23800000
2005,"ARIZONA","04",3.18,50000,22000,4290000
2005,"ARKANSAS","05",2.15,240000,230000,30130000
2005,"CALIFORNIA","06",2.7,560000,130000,22360000
2005,"COLORADO","08",2.23,1100000,950000,140600000
2005,"DELAWARE","10",2.25,160000,154000,22022000
2005,"FLORIDA","12",2,65000,28000,2632000
2005,"GEORGIA","13",2.2,270000,230000,29440000
2005,"IDAHO","16",2.68,235000,60000,10200000
2005,"ILLINOIS","17",2.08,12100000,11950000,1708850000
2005,"INDIANA","18",2,5900000,5770000,888580000
2005,"IOWA","19",1.94,12800000,12500000,2162500000
2005,"KANSAS","20",2.07,3650000,3450000,465750000
2005,"KENTUCKY","21",2.21,1250000,1180000,155760000
2005,"LOUISIANA","22",2.25,340000,330000,44880000
2005,"MARYLAND","24",2.19,470000,4e+05,5.4e+07
2005,"MICHIGAN","26",1.88,2250000,2010000,287430000
2005,"MINNESOTA","27",1.86,7300000,6850000,1191900000
2005,"MISSISSIPPI","28",2.22,380000,365000,45990000
2005,"MISSOURI","29",2.03,3100000,2970000,329670000
2005,"MONTANA","30",2.54,65000,17000,2516000
2005,"NEBRASKA","31",1.92,8500000,8250000,1270500000
2005,"NEW JERSEY","34",2.12,80000,62000,7564000
2005,"NEW MEXICO","35",2.6,140000,55000,9625000
2005,"NEW YORK","36",2.29,990000,460000,57040000
2005,"NORTH CAROLINA","37",2.33,750000,7e+05,8.4e+07
2005,"NORTH DAKOTA","38",1.8,1410000,1200000,154800000
2005,"OHIO","39",1.98,3450000,3250000,464750000
2005,"OKLAHOMA","40",2.39,290000,250000,28750000
2005,"OREGON","41",2.59,53000,25000,4e+06
2005,"PENNSYLVANIA","42",2.3,1350000,960000,117120000
2005,"SOUTH CAROLINA","45",2.19,3e+05,285000,32490000
2005,"SOUTH DAKOTA","46",1.79,4450000,3950000,470050000
2005,"TENNESSEE","47",2.07,650000,595000,77350000
2005,"TEXAS","48",2.47,2050000,1850000,210900000
2005,"UTAH","49",2.77,55000,12000,1956000
2005,"VIRGINIA","51",2.14,490000,360000,42480000
2005,"WASHINGTON","53",2.81,150000,80000,16400000
2005,"WEST VIRGINIA","54",2.17,45000,28000,3052000
2005,"WISCONSIN","55",1.94,3800000,2900000,429200000
2005,"WYOMING","56",2.45,80000,49000,6860000
2004,"ALABAMA","01",2.48,220000,195000,23985000
2004,"ARIZONA","04",3.03,53000,27000,4860000
2004,"ARKANSAS","05",2.39,320000,305000,42700000
2004,"CALIFORNIA","06",2.65,540000,150000,26250000
2004,"COLORADO","08",2.23,1200000,1040000,140400000
2004,"DELAWARE","10",2.19,160000,153000,23256000
2004,"FLORIDA","12",2.3,70000,32000,2880000
2004,"GEORGIA","13",2.2,335000,280000,35840000
2004,"IDAHO","16",2.82,230000,75000,13125000
2004,"ILLINOIS","17",2.14,11750000,11600000,2.088e+09
2004,"INDIANA","18",1.99,5700000,5530000,929040000
2004,"IOWA","19",1.99,12700000,12400000,2244400000
2004,"KANSAS","20",2.12,3100000,2880000,4.32e+08
2004,"KENTUCKY","21",2.24,1210000,1140000,173280000
2004,"LOUISIANA","22",2.45,420000,410000,55350000
2004,"MARYLAND","24",2.17,490000,425000,65025000
2004,"MICHIGAN","26",1.97,2200000,1920000,257280000
2004,"MINNESOTA","27",1.94,7500000,7050000,1120950000
2004,"MISSISSIPPI","28",2.43,460000,440000,58520000
2004,"MISSOURI","29",2.03,2950000,2880000,466560000
2004,"MONTANA","30",2.42,70000,15000,2145000
2004,"NEBRASKA","31",2.02,8250000,7950000,1319700000
2004,"NEW JERSEY","34",2.2,86000,72000,10296000
2004,"NEW MEXICO","35",2.4,125000,58000,10440000
2004,"NEW YORK","36",2.37,980000,5e+05,6.1e+07
2004,"NORTH CAROLINA","37",2.44,820000,740000,86580000
2004,"NORTH DAKOTA","38",1.88,1800000,1150000,120750000
2004,"OHIO","39",2.04,3350000,3110000,491380000
2004,"OKLAHOMA","40",2.53,250000,2e+05,3e+07
2004,"OREGON","41",2.75,58000,28000,4760000
2004,"PENNSYLVANIA","42",2.25,1400000,980000,137200000
2004,"SOUTH CAROLINA","45",2.3,315000,295000,29500000
2004,"SOUTH DAKOTA","46",1.82,4650000,4150000,539500000
2004,"TENNESSEE","47",2.17,680000,615000,86100000
2004,"TEXAS","48",2.6,1830000,1680000,233520000
2004,"UTAH","49",2.56,55000,12000,1860000
2004,"VIRGINIA","51",2.17,5e+05,360000,52200000
2004,"WASHINGTON","53",2.97,170000,105000,2.1e+07
2004,"WEST VIRGINIA","54",2.2,48000,29000,3799000
2004,"WISCONSIN","55",2.15,3600000,2600000,353600000
2004,"WYOMING","56",2.48,90000,50000,6550000
2003,"ALABAMA","01",2.36,220000,190000,23180000
2003,"ARIZONA","04",3.28,47000,22000,4180000
2003,"ARKANSAS","05",2.37,365000,350000,4.9e+07
2003,"CALIFORNIA","06",2.9,530000,140000,22400000
2003,"COLORADO","08",2.49,1080000,890000,120150000
2003,"DELAWARE","10",2.87,170000,162000,19926000
2003,"FLORIDA","12",2.55,75000,39000,3198000
2003,"GEORGIA","13",2.45,340000,290000,36540000
2003,"IDAHO","16",2.94,190000,50000,7e+06
2003,"ILLINOIS","17",2.42,11200000,11050000,1812200000
2003,"INDIANA","18",2.53,5600000,5390000,786940000
2003,"IOWA","19",2.37,12300000,11900000,1868300000
2003,"KANSAS","20",2.51,2900000,2500000,3e+08
2003,"KENTUCKY","21",2.53,1170000,1080000,147960000
2003,"LOUISIANA","22",2.4,520000,5e+05,6.7e+07
2003,"MARYLAND","24",2.83,480000,410000,50430000
2003,"MICHIGAN","26",2.37,2250000,2030000,259840000
2003,"MINNESOTA","27",2.35,7200000,6650000,970900000
2003,"MISSISSIPPI","28",2.28,550000,530000,70490000
2003,"MISSOURI","29",2.46,2900000,2800000,302400000
2003,"MONTANA","30",2.65,68000,17000,2380000
2003,"NEBRASKA","31",2.39,8100000,7700000,1124200000
2003,"NEW JERSEY","34",2.81,80000,61000,6893000
2003,"NEW MEXICO","35",2.96,130000,48000,8640000
2003,"NEW YORK","36",2.82,1e+06,440000,53240000
2003,"NORTH CAROLINA","37",2.68,740000,680000,72080000
2003,"NORTH DAKOTA","38",2.37,1450000,1170000,131040000
2003,"OHIO","39",2.45,3300000,3070000,478920000
2003,"OKLAHOMA","40",2.6,230000,190000,23750000
2003,"OREGON","41",3.08,51000,30000,5100000
2003,"PENNSYLVANIA","42",2.96,1450000,890000,102350000
2003,"SOUTH CAROLINA","45",2.7,240000,215000,22575000
2003,"SOUTH DAKOTA","46",2.28,4400000,3850000,427350000
2003,"TENNESSEE","47",2.37,710000,620000,81220000
2003,"TEXAS","48",2.59,1830000,1650000,194700000
2003,"UTAH","49",2.99,55000,13000,2015000
2003,"VIRGINIA","51",2.57,470000,330000,37950000
2003,"WASHINGTON","53",3,130000,70000,13650000
2003,"WEST VIRGINIA","54",2.72,48000,27000,3105000
2003,"WISCONSIN","55",2.35,3750000,2850000,367650000
2003,"WYOMING","56",2.5,85000,50000,6450000
2002,"ALABAMA","01",2.72,2e+05,180000,15840000
2002,"ARIZONA","04",3.14,60000,28000,5180000
2002,"ARKANSAS","05",2.43,265000,255000,34170000
2002,"CALIFORNIA","06",2.73,545000,150000,25500000
2002,"COLORADO","08",2.53,1200000,720000,1.08e+08
2002,"DELAWARE","10",2.85,180000,167000,14028000
2002,"FLORIDA","12",2.6,75000,37000,3552000
2002,"GEORGIA","13",2.7,340000,290000,31900000
2002,"IDAHO","16",2.91,190000,45000,6975000
2002,"ILLINOIS","17",2.35,11100000,10900000,1471500000
2002,"INDIANA","18",2.41,5400000,5220000,631620000
2002,"IOWA","19",2.22,12200000,11850000,1931550000
2002,"KANSAS","20",2.48,3250000,2600000,301600000
2002,"KENTUCKY","21",2.58,1160000,1070000,111280000
2002,"LOUISIANA","22",2.4,580000,540000,65340000
2002,"MARYLAND","24",2.85,510000,425000,31450000
2002,"MICHIGAN","26",2.34,2250000,2e+06,2.34e+08
2002,"MINNESOTA","27",2.15,7200000,6700000,1051900000
2002,"MISSISSIPPI","28",2.33,550000,530000,63600000
2002,"MISSOURI","29",2.45,2800000,2700000,283500000
2002,"MONTANA","30",2.45,65000,13000,1820000
2002,"NEBRASKA","31",2.32,8400000,7350000,940800000
2002,"NEW JERSEY","34",2.77,90000,70000,4270000
2002,"NEW MEXICO","35",2.84,140000,49000,8575000
2002,"NEW YORK","36",2.87,1020000,460000,44620000
2002,"NORTH CAROLINA","37",2.89,780000,680000,56440000
2002,"NORTH DAKOTA","38",2.16,1230000,995000,113430000
2002,"OHIO","39",2.48,3250000,2970000,264330000
2002,"OKLAHOMA","40",2.45,240000,190000,24700000
2002,"OREGON","41",2.88,48000,20000,3200000
2002,"PENNSYLVANIA","42",2.97,1400000,840000,57120000
2002,"SOUTH CAROLINA","45",2.7,320000,260000,12220000
2002,"SOUTH DAKOTA","46",2.17,4450000,3250000,308750000
2002,"TENNESSEE","47",2.58,690000,610000,65270000
2002,"TEXAS","48",2.57,2050000,1790000,202270000
2002,"UTAH","49",3.18,57000,16000,2272000
2002,"VIRGINIA","51",2.73,5e+05,325000,22100000
2002,"WASHINGTON","53",2.84,130000,70000,13300000
2002,"WEST VIRGINIA","54",2.85,50000,30000,3150000
2002,"WISCONSIN","55",2.22,3650000,2900000,391500000
2002,"WYOMING","56",2.6,80000,35000,4165000
2001,"ALABAMA","01",2.35,180000,150000,16050000
2001,"ARIZONA","04",2.79,55000,28000,5824000
2001,"ARKANSAS","05",2.02,190000,185000,26825000
2001,"CALIFORNIA","06",2.45,480000,160000,27200000
2001,"COLORADO","08",2.13,1220000,1070000,149800000
2001,"DELAWARE","10",2.15,170000,162000,23652000
2001,"FLORIDA","12",2.25,65000,26000,2262000
2001,"GEORGIA","13",2.32,265000,220000,29480000
2001,"IDAHO","16",2.64,175000,45000,6750000
2001,"ILLINOIS","17",2.04,1.1e+07,10850000,1649200000
2001,"INDIANA","18",1.98,5800000,5670000,884520000
2001,"IOWA","19",1.9,11700000,11400000,1664400000
2001,"KANSAS","20",2.03,3450000,3050000,387350000
2001,"KENTUCKY","21",2.08,1200000,1100000,156200000
2001,"LOUISIANA","22",2.2,315000,307000,45436000
2001,"MARYLAND","24",2.18,490000,410000,55760000
2001,"MICHIGAN","26",1.97,2200000,1900000,199500000
2001,"MINNESOTA","27",1.9,6800000,6200000,8.06e+08
2001,"MISSISSIPPI","28",1.99,4e+05,385000,50050000
2001,"MISSOURI","29",1.96,2700000,2600000,345800000
2001,"MONTANA","30",1.89,65000,13000,1924000
2001,"NEBRASKA","31",1.94,8100000,7750000,1139250000
2001,"NEW JERSEY","34",2.09,80000,66000,7392000
2001,"NEW MEXICO","35",2.4,130000,46000,8280000
2001,"NEW YORK","36",2.51,1030000,540000,56700000
2001,"NORTH CAROLINA","37",2.36,7e+05,625000,78125000
2001,"NORTH DAKOTA","38",1.87,880000,705000,81075000
2001,"OHIO","39",2,3400000,3170000,437460000
2001,"OKLAHOMA","40",2.1,250000,210000,26250000
2001,"OREGON","41",2.54,45000,18000,2520000
2001,"PENNSYLVANIA","42",2.33,1450000,960000,94080000
2001,"SOUTH CAROLINA","45",2.2,260000,240000,25920000
2001,"SOUTH DAKOTA","46",1.75,3800000,3400000,370600000
2001,"TENNESSEE","47",2.06,680000,610000,80520000
2001,"TEXAS","48",2.29,1600000,1420000,167560000
2001,"UTAH","49",2.85,60000,15000,2130000
2001,"VIRGINIA","51",2.14,470000,330000,40590000
2001,"WASHINGTON","53",2.56,115000,55000,10450000
2001,"WEST VIRGINIA","54",2.29,50000,26000,3120000
2001,"WISCONSIN","55",1.97,3400000,2600000,330200000
2001,"WYOMING","56",2.3,90000,51000,6375000
2000,"ALABAMA","01",2.16,230000,165000,10725000
2000,"ARIZONA","04",2.78,56000,33000,6468000
2000,"ARKANSAS","05",1.75,180000,175000,22750000
2000,"CALIFORNIA","06",2.44,540000,205000,34850000
2000,"COLORADO","08",2.08,1350000,1150000,144900000
2000,"DELAWARE","10",2.01,165000,155000,25110000
2000,"FLORIDA","12",2.24,85000,25000,1875000
2000,"GEORGIA","13",2.06,360000,240000,25680000
2000,"IDAHO","16",2.63,195000,57000,9120000
2000,"ILLINOIS","17",1.91,11200000,11050000,1668550000
2000,"INDIANA","18",1.9,5700000,5550000,810300000
2000,"IOWA","19",1.75,12300000,1.2e+07,1.728e+09
2000,"KANSAS","20",2,3450000,3170000,412100000
2000,"KENTUCKY","21",2.07,1330000,1230000,159900000
2000,"LOUISIANA","22",1.75,380000,370000,42920000
2000,"MARYLAND","24",2.01,480000,405000,62775000
2000,"MICHIGAN","26",1.9,2200000,1950000,241800000
2000,"MINNESOTA","27",1.71,7200000,6650000,964250000
2000,"MISSISSIPPI","28",1.91,390000,365000,36500000
2000,"MISSOURI","29",1.78,2850000,2770000,396110000
2000,"MONTANA","30",1.53,60000,16000,2240000
2000,"NEBRASKA","31",1.9,8500000,8050000,1014300000
2000,"NEW JERSEY","34",1.97,90000,75000,10050000
2000,"NEW MEXICO","35",2.52,150000,66000,10560000
2000,"NEW YORK","36",2.35,980000,450000,44100000
2000,"NORTH CAROLINA","37",2.01,730000,640000,74240000
2000,"NORTH DAKOTA","38",1.65,1080000,930000,104160000
2000,"OHIO","39",1.9,3550000,3300000,485100000
2000,"OKLAHOMA","40",2.1,270000,240000,33600000
2000,"OREGON","41",2.41,55000,27000,4860000
2000,"PENNSYLVANIA","42",2.09,1550000,1080000,137160000
2000,"SOUTH CAROLINA","45",2.1,310000,280000,18200000
2000,"SOUTH DAKOTA","46",1.61,4300000,3800000,425600000
2000,"TENNESSEE","47",1.96,650000,580000,66120000
2000,"TEXAS","48",2.18,2100000,1900000,235600000
2000,"UTAH","49",2.61,64000,18000,2592000
2000,"VIRGINIA","51",2.02,470000,330000,48180000
2000,"WASHINGTON","53",2.53,155000,1e+05,18500000
2000,"WEST VIRGINIA","54",2.08,55000,35000,4550000
2000,"WISCONSIN","55",1.86,3500000,2750000,3.63e+08
2000,"WYOMING","56",2.02,90000,58000,7656000
